Name,Path,Type,Vector,Startup,CVE,Description,References
1panel/CVE-2024-39907,/Users/jcacosta/Documents/GitHub/scenarioforge/outputs/installed_vuln_catalogs/05-27-26-14-40-12-f61521/content/vulhub/1panel/CVE-2024-39907/docker-compose.yml,docker-compose,,,,,
activemq/CVE-2015-5254,/Users/jcacosta/Documents/GitHub/scenarioforge/outputs/installed_vuln_catalogs/05-27-26-14-40-12-f61521/content/vulhub/activemq/CVE-2015-5254/docker-compose.yml,docker-compose,,,,,
activemq/CVE-2016-3088,/Users/jcacosta/Documents/GitHub/scenarioforge/outputs/installed_vuln_catalogs/05-27-26-14-40-12-f61521/content/vulhub/activemq/CVE-2016-3088/docker-compose.yml,docker-compose,,,,,
activemq/CVE-2022-41678,/Users/jcacosta/Documents/GitHub/scenarioforge/outputs/installed_vuln_catalogs/05-27-26-14-40-12-f61521/content/vulhub/activemq/CVE-2022-41678/docker-compose.yml,docker-compose,,,,,
activemq/CVE-2023-46604,/Users/jcacosta/Documents/GitHub/scenarioforge/outputs/installed_vuln_catalogs/05-27-26-14-40-12-f61521/content/vulhub/activemq/CVE-2023-46604/docker-compose.yml,docker-compose,,,,,
adminer/CVE-2021-21311,/Users/jcacosta/Documents/GitHub/scenarioforge/outputs/installed_vuln_catalogs/05-27-26-14-40-12-f61521/content/vulhub/adminer/CVE-2021-21311/docker-compose.yml,docker-compose,,,,,
adminer/CVE-2021-43008,/Users/jcacosta/Documents/GitHub/scenarioforge/outputs/installed_vuln_catalogs/05-27-26-14-40-12-f61521/content/vulhub/adminer/CVE-2021-43008/docker-compose.yml,docker-compose,,,,,
airflow/CVE-2020-11978,/Users/jcacosta/Documents/GitHub/scenarioforge/outputs/installed_vuln_catalogs/05-27-26-14-40-12-f61521/content/vulhub/airflow/CVE-2020-11978/docker-compose.yml,docker-compose,,,,,
airflow/CVE-2020-11981,/Users/jcacosta/Documents/GitHub/scenarioforge/outputs/installed_vuln_catalogs/05-27-26-14-40-12-f61521/content/vulhub/airflow/CVE-2020-11981/docker-compose.yml,docker-compose,,,,,
airflow/CVE-2020-17526,/Users/jcacosta/Documents/GitHub/scenarioforge/outputs/installed_vuln_catalogs/05-27-26-14-40-12-f61521/content/vulhub/airflow/CVE-2020-17526/docker-compose.yml,docker-compose,,,,,
aj-report/CNVD-2024-15077,/Users/jcacosta/Documents/GitHub/scenarioforge/outputs/installed_vuln_catalogs/05-27-26-14-40-12-f61521/content/vulhub/aj-report/CNVD-2024-15077/docker-compose.yml,docker-compose,,,,,
apache-cxf/CVE-2024-28752,/Users/jcacosta/Documents/GitHub/scenarioforge/outputs/installed_vuln_catalogs/05-27-26-14-40-12-f61521/content/vulhub/apache-cxf/CVE-2024-28752/docker-compose.yml,docker-compose,,,,,
apache-druid/CVE-2021-25646,/Users/jcacosta/Documents/GitHub/scenarioforge/outputs/installed_vuln_catalogs/05-27-26-14-40-12-f61521/content/vulhub/apache-druid/CVE-2021-25646/docker-compose.yml,docker-compose,,,,,
apereo-cas/4.1-rce,/Users/jcacosta/Documents/GitHub/scenarioforge/outputs/installed_vuln_catalogs/05-27-26-14-40-12-f61521/content/vulhub/apereo-cas/4.1-rce/docker-compose.yml,docker-compose,,,,,
apisix/CVE-2020-13945,/Users/jcacosta/Documents/GitHub/scenarioforge/outputs/installed_vuln_catalogs/05-27-26-14-40-12-f61521/content/vulhub/apisix/CVE-2020-13945/docker-compose.yml,docker-compose,,,,,
apisix/CVE-2021-45232,/Users/jcacosta/Documents/GitHub/scenarioforge/outputs/installed_vuln_catalogs/05-27-26-14-40-12-f61521/content/vulhub/apisix/CVE-2021-45232/docker-compose.yml,docker-compose,,,,,
appweb/CVE-2018-8715,/Users/jcacosta/Documents/GitHub/scenarioforge/outputs/installed_vuln_catalogs/05-27-26-14-40-12-f61521/content/vulhub/appweb/CVE-2018-8715/docker-compose.yml,docker-compose,,,,,
aria2/rce,/Users/jcacosta/Documents/GitHub/scenarioforge/outputs/installed_vuln_catalogs/05-27-26-14-40-12-f61521/content/vulhub/aria2/rce/docker-compose.yml,docker-compose,,,,,
bash/CVE-2014-6271,/Users/jcacosta/Documents/GitHub/scenarioforge/outputs/installed_vuln_catalogs/05-27-26-14-40-12-f61521/content/vulhub/bash/CVE-2014-6271/docker-compose.yml,docker-compose,,,,,
cacti/CVE-2022-46169,/Users/jcacosta/Documents/GitHub/scenarioforge/outputs/installed_vuln_catalogs/05-27-26-14-40-12-f61521/content/vulhub/cacti/CVE-2022-46169/docker-compose.yml,docker-compose,,,,,
cacti/CVE-2023-39361,/Users/jcacosta/Documents/GitHub/scenarioforge/outputs/installed_vuln_catalogs/05-27-26-14-40-12-f61521/content/vulhub/cacti/CVE-2023-39361/docker-compose.yml,docker-compose,,,,,
cacti/CVE-2025-24367,/Users/jcacosta/Documents/GitHub/scenarioforge/outputs/installed_vuln_catalogs/05-27-26-14-40-12-f61521/content/vulhub/cacti/CVE-2025-24367/docker-compose.yml,docker-compose,,,,,
celery/celery3_redis_unauth,/Users/jcacosta/Documents/GitHub/scenarioforge/outputs/installed_vuln_catalogs/05-27-26-14-40-12-f61521/content/vulhub/celery/celery3_redis_unauth/docker-compose.yml,docker-compose,,,,,
cgi/CVE-2016-5385,/Users/jcacosta/Documents/GitHub/scenarioforge/outputs/installed_vuln_catalogs/05-27-26-14-40-12-f61521/content/vulhub/cgi/CVE-2016-5385/docker-compose.yml,docker-compose,,,,,
cmsms/CVE-2019-9053,/Users/jcacosta/Documents/GitHub/scenarioforge/outputs/installed_vuln_catalogs/05-27-26-14-40-12-f61521/content/vulhub/cmsms/CVE-2019-9053/docker-compose.yml,docker-compose,,,,,
cmsms/CVE-2021-26120,/Users/jcacosta/Documents/GitHub/scenarioforge/outputs/installed_vuln_catalogs/05-27-26-14-40-12-f61521/content/vulhub/cmsms/CVE-2021-26120/docker-compose.yml,docker-compose,,,,,
coldfusion/CVE-2010-2861,/Users/jcacosta/Documents/GitHub/scenarioforge/outputs/installed_vuln_catalogs/05-27-26-14-40-12-f61521/content/vulhub/coldfusion/CVE-2010-2861/docker-compose.yml,docker-compose,,,,,
coldfusion/CVE-2017-3066,/Users/jcacosta/Documents/GitHub/scenarioforge/outputs/installed_vuln_catalogs/05-27-26-14-40-12-f61521/content/vulhub/coldfusion/CVE-2017-3066/docker-compose.yml,docker-compose,,,,,
coldfusion/CVE-2023-26360,/Users/jcacosta/Documents/GitHub/scenarioforge/outputs/installed_vuln_catalogs/05-27-26-14-40-12-f61521/content/vulhub/coldfusion/CVE-2023-26360/docker-compose.yml,docker-compose,,,,,
coldfusion/CVE-2023-29300,/Users/jcacosta/Documents/GitHub/scenarioforge/outputs/installed_vuln_catalogs/05-27-26-14-40-12-f61521/content/vulhub/coldfusion/CVE-2023-29300/docker-compose.yml,docker-compose,,,,,
confluence/CVE-2019-3396,/Users/jcacosta/Documents/GitHub/scenarioforge/outputs/installed_vuln_catalogs/05-27-26-14-40-12-f61521/content/vulhub/confluence/CVE-2019-3396/docker-compose.yml,docker-compose,,,,,
confluence/CVE-2021-26084,/Users/jcacosta/Documents/GitHub/scenarioforge/outputs/installed_vuln_catalogs/05-27-26-14-40-12-f61521/content/vulhub/confluence/CVE-2021-26084/docker-compose.yml,docker-compose,,,,,
confluence/CVE-2022-26134,/Users/jcacosta/Documents/GitHub/scenarioforge/outputs/installed_vuln_catalogs/05-27-26-14-40-12-f61521/content/vulhub/confluence/CVE-2022-26134/docker-compose.yml,docker-compose,,,,,
confluence/CVE-2023-22515,/Users/jcacosta/Documents/GitHub/scenarioforge/outputs/installed_vuln_catalogs/05-27-26-14-40-12-f61521/content/vulhub/confluence/CVE-2023-22515/docker-compose.yml,docker-compose,,,,,
confluence/CVE-2023-22527,/Users/jcacosta/Documents/GitHub/scenarioforge/outputs/installed_vuln_catalogs/05-27-26-14-40-12-f61521/content/vulhub/confluence/CVE-2023-22527/docker-compose.yml,docker-compose,,,,,
couchdb/CVE-2017-12635,/Users/jcacosta/Documents/GitHub/scenarioforge/outputs/installed_vuln_catalogs/05-27-26-14-40-12-f61521/content/vulhub/couchdb/CVE-2017-12635/docker-compose.yml,docker-compose,,,,,
couchdb/CVE-2017-12636,/Users/jcacosta/Documents/GitHub/scenarioforge/outputs/installed_vuln_catalogs/05-27-26-14-40-12-f61521/content/vulhub/couchdb/CVE-2017-12636/docker-compose.yml,docker-compose,,,,,
couchdb/CVE-2022-24706,/Users/jcacosta/Documents/GitHub/scenarioforge/outputs/installed_vuln_catalogs/05-27-26-14-40-12-f61521/content/vulhub/couchdb/CVE-2022-24706/docker-compose.yml,docker-compose,,,,,
craftcms/CVE-2023-41892,/Users/jcacosta/Documents/GitHub/scenarioforge/outputs/installed_vuln_catalogs/05-27-26-14-40-12-f61521/content/vulhub/craftcms/CVE-2023-41892/docker-compose.yml,docker-compose,,,,,
craftcms/CVE-2024-56145,/Users/jcacosta/Documents/GitHub/scenarioforge/outputs/installed_vuln_catalogs/05-27-26-14-40-12-f61521/content/vulhub/craftcms/CVE-2024-56145/docker-compose.yml,docker-compose,,,,,
craftcms/CVE-2025-32432,/Users/jcacosta/Documents/GitHub/scenarioforge/outputs/installed_vuln_catalogs/05-27-26-14-40-12-f61521/content/vulhub/craftcms/CVE-2025-32432/docker-compose.yml,docker-compose,,,,,
cups-browsed/CVE-2024-47177,/Users/jcacosta/Documents/GitHub/scenarioforge/outputs/installed_vuln_catalogs/05-27-26-14-40-12-f61521/content/vulhub/cups-browsed/CVE-2024-47177/docker-compose.yml,docker-compose,,,,,
discuz/wooyun-2010-080723,/Users/jcacosta/Documents/GitHub/scenarioforge/outputs/installed_vuln_catalogs/05-27-26-14-40-12-f61521/content/vulhub/discuz/wooyun-2010-080723/docker-compose.yml,docker-compose,,,,,
discuz/x3.4-arbitrary-file-deletion,/Users/jcacosta/Documents/GitHub/scenarioforge/outputs/installed_vuln_catalogs/05-27-26-14-40-12-f61521/content/vulhub/discuz/x3.4-arbitrary-file-deletion/docker-compose.yml,docker-compose,,,,,
django/CVE-2017-12794,/Users/jcacosta/Documents/GitHub/scenarioforge/outputs/installed_vuln_catalogs/05-27-26-14-40-12-f61521/content/vulhub/django/CVE-2017-12794/docker-compose.yml,docker-compose,,,,,
django/CVE-2019-14234,/Users/jcacosta/Documents/GitHub/scenarioforge/outputs/installed_vuln_catalogs/05-27-26-14-40-12-f61521/content/vulhub/django/CVE-2019-14234/docker-compose.yml,docker-compose,,,,,
django/CVE-2020-9402,/Users/jcacosta/Documents/GitHub/scenarioforge/outputs/installed_vuln_catalogs/05-27-26-14-40-12-f61521/content/vulhub/django/CVE-2020-9402/docker-compose.yml,docker-compose,,,,,
django/CVE-2021-35042,/Users/jcacosta/Documents/GitHub/scenarioforge/outputs/installed_vuln_catalogs/05-27-26-14-40-12-f61521/content/vulhub/django/CVE-2021-35042/docker-compose.yml,docker-compose,,,,,
django/CVE-2022-34265,/Users/jcacosta/Documents/GitHub/scenarioforge/outputs/installed_vuln_catalogs/05-27-26-14-40-12-f61521/content/vulhub/django/CVE-2022-34265/docker-compose.yml,docker-compose,,,,,
dns/dns-zone-transfer,/Users/jcacosta/Documents/GitHub/scenarioforge/outputs/installed_vuln_catalogs/05-27-26-14-40-12-f61521/content/vulhub/dns/dns-zone-transfer/docker-compose.yml,docker-compose,,,,,
docker/unauthorized-rce,/Users/jcacosta/Documents/GitHub/scenarioforge/outputs/installed_vuln_catalogs/05-27-26-14-40-12-f61521/content/vulhub/docker/unauthorized-rce/docker-compose.yml,docker-compose,,,,,
drupal/CVE-2014-3704,/Users/jcacosta/Documents/GitHub/scenarioforge/outputs/installed_vuln_catalogs/05-27-26-14-40-12-f61521/content/vulhub/drupal/CVE-2014-3704/docker-compose.yml,docker-compose,,,,,
drupal/CVE-2017-6920,/Users/jcacosta/Documents/GitHub/scenarioforge/outputs/installed_vuln_catalogs/05-27-26-14-40-12-f61521/content/vulhub/drupal/CVE-2017-6920/docker-compose.yml,docker-compose,,,,,
drupal/CVE-2018-7600,/Users/jcacosta/Documents/GitHub/scenarioforge/outputs/installed_vuln_catalogs/05-27-26-14-40-12-f61521/content/vulhub/drupal/CVE-2018-7600/docker-compose.yml,docker-compose,,,,,
drupal/CVE-2018-7602,/Users/jcacosta/Documents/GitHub/scenarioforge/outputs/installed_vuln_catalogs/05-27-26-14-40-12-f61521/content/vulhub/drupal/CVE-2018-7602/docker-compose.yml,docker-compose,,,,,
drupal/CVE-2019-6339,/Users/jcacosta/Documents/GitHub/scenarioforge/outputs/installed_vuln_catalogs/05-27-26-14-40-12-f61521/content/vulhub/drupal/CVE-2019-6339/docker-compose.yml,docker-compose,,,,,
drupal/CVE-2019-6341,/Users/jcacosta/Documents/GitHub/scenarioforge/outputs/installed_vuln_catalogs/05-27-26-14-40-12-f61521/content/vulhub/drupal/CVE-2019-6341/docker-compose.yml,docker-compose,,,,,
dubbo/CVE-2019-17564,/Users/jcacosta/Documents/GitHub/scenarioforge/outputs/installed_vuln_catalogs/05-27-26-14-40-12-f61521/content/vulhub/dubbo/CVE-2019-17564/docker-compose.yml,docker-compose,,,,,
ecshop/collection_list-sqli,/Users/jcacosta/Documents/GitHub/scenarioforge/outputs/installed_vuln_catalogs/05-27-26-14-40-12-f61521/content/vulhub/ecshop/collection_list-sqli/docker-compose.yml,docker-compose,,,,,
ecshop/xianzhi-2017-02-82239600,/Users/jcacosta/Documents/GitHub/scenarioforge/outputs/installed_vuln_catalogs/05-27-26-14-40-12-f61521/content/vulhub/ecshop/xianzhi-2017-02-82239600/docker-compose.yml,docker-compose,,,,,
elasticsearch/CVE-2014-3120,/Users/jcacosta/Documents/GitHub/scenarioforge/outputs/installed_vuln_catalogs/05-27-26-14-40-12-f61521/content/vulhub/elasticsearch/CVE-2014-3120/docker-compose.yml,docker-compose,,,,,
elasticsearch/CVE-2015-1427,/Users/jcacosta/Documents/GitHub/scenarioforge/outputs/installed_vuln_catalogs/05-27-26-14-40-12-f61521/content/vulhub/elasticsearch/CVE-2015-1427/docker-compose.yml,docker-compose,,,,,
elasticsearch/CVE-2015-3337,/Users/jcacosta/Documents/GitHub/scenarioforge/outputs/installed_vuln_catalogs/05-27-26-14-40-12-f61521/content/vulhub/elasticsearch/CVE-2015-3337/docker-compose.yml,docker-compose,,,,,
elasticsearch/CVE-2015-5531,/Users/jcacosta/Documents/GitHub/scenarioforge/outputs/installed_vuln_catalogs/05-27-26-14-40-12-f61521/content/vulhub/elasticsearch/CVE-2015-5531/docker-compose.yml,docker-compose,,,,,
elasticsearch/WooYun-2015-110216,/Users/jcacosta/Documents/GitHub/scenarioforge/outputs/installed_vuln_catalogs/05-27-26-14-40-12-f61521/content/vulhub/elasticsearch/WooYun-2015-110216/docker-compose.yml,docker-compose,,,,,
electron/CVE-2018-1000006,/Users/jcacosta/Documents/GitHub/scenarioforge/outputs/installed_vuln_catalogs/05-27-26-14-40-12-f61521/content/vulhub/electron/CVE-2018-1000006/docker-compose.yml,docker-compose,,,,,
electron/CVE-2018-15685,/Users/jcacosta/Documents/GitHub/scenarioforge/outputs/installed_vuln_catalogs/05-27-26-14-40-12-f61521/content/vulhub/electron/CVE-2018-15685/docker-compose.yml,docker-compose,,,,,
elfinder/CVE-2021-32682,/Users/jcacosta/Documents/GitHub/scenarioforge/outputs/installed_vuln_catalogs/05-27-26-14-40-12-f61521/content/vulhub/elfinder/CVE-2021-32682/docker-compose.yml,docker-compose,,,,,
erlang/CVE-2025-32433,/Users/jcacosta/Documents/GitHub/scenarioforge/outputs/installed_vuln_catalogs/05-27-26-14-40-12-f61521/content/vulhub/erlang/CVE-2025-32433/docker-compose.yml,docker-compose,,,,,
fastjson/1.2.24-rce,/Users/jcacosta/Documents/GitHub/scenarioforge/outputs/installed_vuln_catalogs/05-27-26-14-40-12-f61521/content/vulhub/fastjson/1.2.24-rce/docker-compose.yml,docker-compose,,,,,
fastjson/1.2.47-rce,/Users/jcacosta/Documents/GitHub/scenarioforge/outputs/installed_vuln_catalogs/05-27-26-14-40-12-f61521/content/vulhub/fastjson/1.2.47-rce/docker-compose.yml,docker-compose,,,,,
ffmpeg/CVE-2016-1897,/Users/jcacosta/Documents/GitHub/scenarioforge/outputs/installed_vuln_catalogs/05-27-26-14-40-12-f61521/content/vulhub/ffmpeg/CVE-2016-1897/docker-compose.yml,docker-compose,,,,,
ffmpeg/CVE-2017-9993,/Users/jcacosta/Documents/GitHub/scenarioforge/outputs/installed_vuln_catalogs/05-27-26-14-40-12-f61521/content/vulhub/ffmpeg/CVE-2017-9993/docker-compose.yml,docker-compose,,,,,
flask/ssti,/Users/jcacosta/Documents/GitHub/scenarioforge/outputs/installed_vuln_catalogs/05-27-26-14-40-12-f61521/content/vulhub/flask/ssti/docker-compose.yml,docker-compose,,,,,
flink/CVE-2020-17518,/Users/jcacosta/Documents/GitHub/scenarioforge/outputs/installed_vuln_catalogs/05-27-26-14-40-12-f61521/content/vulhub/flink/CVE-2020-17518/docker-compose.yml,docker-compose,,,,,
flink/CVE-2020-17519,/Users/jcacosta/Documents/GitHub/scenarioforge/outputs/installed_vuln_catalogs/05-27-26-14-40-12-f61521/content/vulhub/flink/CVE-2020-17519/docker-compose.yml,docker-compose,,,,,
geoserver/CVE-2021-40822,/Users/jcacosta/Documents/GitHub/scenarioforge/outputs/installed_vuln_catalogs/05-27-26-14-40-12-f61521/content/vulhub/geoserver/CVE-2021-40822/docker-compose.yml,docker-compose,,,,,
geoserver/CVE-2022-24816,/Users/jcacosta/Documents/GitHub/scenarioforge/outputs/installed_vuln_catalogs/05-27-26-14-40-12-f61521/content/vulhub/geoserver/CVE-2022-24816/docker-compose.yml,docker-compose,,,,,
geoserver/CVE-2023-25157,/Users/jcacosta/Documents/GitHub/scenarioforge/outputs/installed_vuln_catalogs/05-27-26-14-40-12-f61521/content/vulhub/geoserver/CVE-2023-25157/docker-compose.yml,docker-compose,,,,,
geoserver/CVE-2024-36401,/Users/jcacosta/Documents/GitHub/scenarioforge/outputs/installed_vuln_catalogs/05-27-26-14-40-12-f61521/content/vulhub/geoserver/CVE-2024-36401/docker-compose.yml,docker-compose,,,,,
ghostscript/CVE-2018-16509,/Users/jcacosta/Documents/GitHub/scenarioforge/outputs/installed_vuln_catalogs/05-27-26-14-40-12-f61521/content/vulhub/ghostscript/CVE-2018-16509/docker-compose.yml,docker-compose,,,,,
ghostscript/CVE-2018-19475,/Users/jcacosta/Documents/GitHub/scenarioforge/outputs/installed_vuln_catalogs/05-27-26-14-40-12-f61521/content/vulhub/ghostscript/CVE-2018-19475/docker-compose.yml,docker-compose,,,,,
ghostscript/CVE-2019-6116,/Users/jcacosta/Documents/GitHub/scenarioforge/outputs/installed_vuln_catalogs/05-27-26-14-40-12-f61521/content/vulhub/ghostscript/CVE-2019-6116/docker-compose.yml,docker-compose,,,,,
git/CVE-2017-8386,/Users/jcacosta/Documents/GitHub/scenarioforge/outputs/installed_vuln_catalogs/05-27-26-14-40-12-f61521/content/vulhub/git/CVE-2017-8386/docker-compose.yml,docker-compose,,,,,
gitea/1.4-rce,/Users/jcacosta/Documents/GitHub/scenarioforge/outputs/installed_vuln_catalogs/05-27-26-14-40-12-f61521/content/vulhub/gitea/1.4-rce/docker-compose.yml,docker-compose,,,,,
gitlab/CVE-2016-9086,/Users/jcacosta/Documents/GitHub/scenarioforge/outputs/installed_vuln_catalogs/05-27-26-14-40-12-f61521/content/vulhub/gitlab/CVE-2016-9086/docker-compose.yml,docker-compose,,,,,
gitlab/CVE-2021-22205,/Users/jcacosta/Documents/GitHub/scenarioforge/outputs/installed_vuln_catalogs/05-27-26-14-40-12-f61521/content/vulhub/gitlab/CVE-2021-22205/docker-compose.yml,docker-compose,,,,,
gitlist/CVE-2018-1000533,/Users/jcacosta/Documents/GitHub/scenarioforge/outputs/installed_vuln_catalogs/05-27-26-14-40-12-f61521/content/vulhub/gitlist/CVE-2018-1000533/docker-compose.yml,docker-compose,,,,,
glassfish/CVE-2017-1000028,/Users/jcacosta/Documents/GitHub/scenarioforge/outputs/installed_vuln_catalogs/05-27-26-14-40-12-f61521/content/vulhub/glassfish/CVE-2017-1000028/docker-compose.yml,docker-compose,,,,,
goahead/CVE-2017-17562,/Users/jcacosta/Documents/GitHub/scenarioforge/outputs/installed_vuln_catalogs/05-27-26-14-40-12-f61521/content/vulhub/goahead/CVE-2017-17562/docker-compose.yml,docker-compose,,,,,
goahead/CVE-2021-42342,/Users/jcacosta/Documents/GitHub/scenarioforge/outputs/installed_vuln_catalogs/05-27-26-14-40-12-f61521/content/vulhub/goahead/CVE-2021-42342/docker-compose.yml,docker-compose,,,,,
gogs/CVE-2018-18925,/Users/jcacosta/Documents/GitHub/scenarioforge/outputs/installed_vuln_catalogs/05-27-26-14-40-12-f61521/content/vulhub/gogs/CVE-2018-18925/docker-compose.yml,docker-compose,,,,,
gradio/CVE-2023-51449,/Users/jcacosta/Documents/GitHub/scenarioforge/outputs/installed_vuln_catalogs/05-27-26-14-40-12-f61521/content/vulhub/gradio/CVE-2023-51449/docker-compose.yml,docker-compose,,,,,
gradio/CVE-2024-1561,/Users/jcacosta/Documents/GitHub/scenarioforge/outputs/installed_vuln_catalogs/05-27-26-14-40-12-f61521/content/vulhub/gradio/CVE-2024-1561/docker-compose.yml,docker-compose,,,,,
grafana/CVE-2021-43798,/Users/jcacosta/Documents/GitHub/scenarioforge/outputs/installed_vuln_catalogs/05-27-26-14-40-12-f61521/content/vulhub/grafana/CVE-2021-43798/docker-compose.yml,docker-compose,,,,,
grafana/admin-ssrf,/Users/jcacosta/Documents/GitHub/scenarioforge/outputs/installed_vuln_catalogs/05-27-26-14-40-12-f61521/content/vulhub/grafana/admin-ssrf/docker-compose.yml,docker-compose,,,,,
h2database/CVE-2018-10054,/Users/jcacosta/Documents/GitHub/scenarioforge/outputs/installed_vuln_catalogs/05-27-26-14-40-12-f61521/content/vulhub/h2database/CVE-2018-10054/docker-compose.yml,docker-compose,,,,,
h2database/CVE-2021-42392,/Users/jcacosta/Documents/GitHub/scenarioforge/outputs/installed_vuln_catalogs/05-27-26-14-40-12-f61521/content/vulhub/h2database/CVE-2021-42392/docker-compose.yml,docker-compose,,,,,
h2database/CVE-2022-23221,/Users/jcacosta/Documents/GitHub/scenarioforge/outputs/installed_vuln_catalogs/05-27-26-14-40-12-f61521/content/vulhub/h2database/CVE-2022-23221/docker-compose.yml,docker-compose,,,,,
hadoop/unauthorized-yarn,/Users/jcacosta/Documents/GitHub/scenarioforge/outputs/installed_vuln_catalogs/05-27-26-14-40-12-f61521/content/vulhub/hadoop/unauthorized-yarn/docker-compose.yml,docker-compose,,,,,
hertzbeat/CVE-2024-42323,/Users/jcacosta/Documents/GitHub/scenarioforge/outputs/installed_vuln_catalogs/05-27-26-14-40-12-f61521/content/vulhub/hertzbeat/CVE-2024-42323/docker-compose.yml,docker-compose,,,,,
httpd/CVE-2017-15715,/Users/jcacosta/Documents/GitHub/scenarioforge/outputs/installed_vuln_catalogs/05-27-26-14-40-12-f61521/content/vulhub/httpd/CVE-2017-15715/docker-compose.yml,docker-compose,,,,,
httpd/CVE-2021-40438,/Users/jcacosta/Documents/GitHub/scenarioforge/outputs/installed_vuln_catalogs/05-27-26-14-40-12-f61521/content/vulhub/httpd/CVE-2021-40438/docker-compose.yml,docker-compose,,,,,
httpd/CVE-2021-41773,/Users/jcacosta/Documents/GitHub/scenarioforge/outputs/installed_vuln_catalogs/05-27-26-14-40-12-f61521/content/vulhub/httpd/CVE-2021-41773/docker-compose.yml,docker-compose,,,,,
httpd/CVE-2021-42013,/Users/jcacosta/Documents/GitHub/scenarioforge/outputs/installed_vuln_catalogs/05-27-26-14-40-12-f61521/content/vulhub/httpd/CVE-2021-42013/docker-compose.yml,docker-compose,,,,,
httpd/apache_parsing_vulnerability,/Users/jcacosta/Documents/GitHub/scenarioforge/outputs/installed_vuln_catalogs/05-27-26-14-40-12-f61521/content/vulhub/httpd/apache_parsing_vulnerability/docker-compose.yml,docker-compose,,,,,
httpd/ssi-rce,/Users/jcacosta/Documents/GitHub/scenarioforge/outputs/installed_vuln_catalogs/05-27-26-14-40-12-f61521/content/vulhub/httpd/ssi-rce/docker-compose.yml,docker-compose,,,,,
hugegraph/CVE-2024-27348,/Users/jcacosta/Documents/GitHub/scenarioforge/outputs/installed_vuln_catalogs/05-27-26-14-40-12-f61521/content/vulhub/hugegraph/CVE-2024-27348/docker-compose.yml,docker-compose,,,,,
hugegraph/CVE-2024-43441,/Users/jcacosta/Documents/GitHub/scenarioforge/outputs/installed_vuln_catalogs/05-27-26-14-40-12-f61521/content/vulhub/hugegraph/CVE-2024-43441/docker-compose.yml,docker-compose,,,,,
imagemagick/CVE-2016-3714,/Users/jcacosta/Documents/GitHub/scenarioforge/outputs/installed_vuln_catalogs/05-27-26-14-40-12-f61521/content/vulhub/imagemagick/CVE-2016-3714/docker-compose.yml,docker-compose,,,,,
imagemagick/CVE-2020-29599,/Users/jcacosta/Documents/GitHub/scenarioforge/outputs/installed_vuln_catalogs/05-27-26-14-40-12-f61521/content/vulhub/imagemagick/CVE-2020-29599/docker-compose.yml,docker-compose,,,,,
imagemagick/CVE-2022-44268,/Users/jcacosta/Documents/GitHub/scenarioforge/outputs/installed_vuln_catalogs/05-27-26-14-40-12-f61521/content/vulhub/imagemagick/CVE-2022-44268/docker-compose.yml,docker-compose,,,,,
influxdb/CVE-2019-20933,/Users/jcacosta/Documents/GitHub/scenarioforge/outputs/installed_vuln_catalogs/05-27-26-14-40-12-f61521/content/vulhub/influxdb/CVE-2019-20933/docker-compose.yml,docker-compose,,,,,
ingress-nginx/CVE-2025-1974,/Users/jcacosta/Documents/GitHub/scenarioforge/outputs/installed_vuln_catalogs/05-27-26-14-40-12-f61521/content/vulhub/ingress-nginx/CVE-2025-1974/docker-compose.yml,docker-compose,,,,,
jackson/CVE-2017-7525,/Users/jcacosta/Documents/GitHub/scenarioforge/outputs/installed_vuln_catalogs/05-27-26-14-40-12-f61521/content/vulhub/jackson/CVE-2017-7525/docker-compose.yml,docker-compose,,,,,
java/rmi-codebase,/Users/jcacosta/Documents/GitHub/scenarioforge/outputs/installed_vuln_catalogs/05-27-26-14-40-12-f61521/content/vulhub/java/rmi-codebase/docker-compose.yml,docker-compose,,,,,
jboss/CVE-2017-12149,/Users/jcacosta/Documents/GitHub/scenarioforge/outputs/installed_vuln_catalogs/05-27-26-14-40-12-f61521/content/vulhub/jboss/CVE-2017-12149/docker-compose.yml,docker-compose,,,,,
jboss/CVE-2017-7504,/Users/jcacosta/Documents/GitHub/scenarioforge/outputs/installed_vuln_catalogs/05-27-26-14-40-12-f61521/content/vulhub/jboss/CVE-2017-7504/docker-compose.yml,docker-compose,,,,,
jboss/JMXInvokerServlet-deserialization,/Users/jcacosta/Documents/GitHub/scenarioforge/outputs/installed_vuln_catalogs/05-27-26-14-40-12-f61521/content/vulhub/jboss/JMXInvokerServlet-deserialization/docker-compose.yml,docker-compose,,,,,
jenkins/CVE-2017-1000353,/Users/jcacosta/Documents/GitHub/scenarioforge/outputs/installed_vuln_catalogs/05-27-26-14-40-12-f61521/content/vulhub/jenkins/CVE-2017-1000353/docker-compose.yml,docker-compose,,,,,
jenkins/CVE-2018-1000861,/Users/jcacosta/Documents/GitHub/scenarioforge/outputs/installed_vuln_catalogs/05-27-26-14-40-12-f61521/content/vulhub/jenkins/CVE-2018-1000861/docker-compose.yml,docker-compose,,,,,
jenkins/CVE-2024-23897,/Users/jcacosta/Documents/GitHub/scenarioforge/outputs/installed_vuln_catalogs/05-27-26-14-40-12-f61521/content/vulhub/jenkins/CVE-2024-23897/docker-compose.yml,docker-compose,,,,,
jetty/CVE-2021-28164,/Users/jcacosta/Documents/GitHub/scenarioforge/outputs/installed_vuln_catalogs/05-27-26-14-40-12-f61521/content/vulhub/jetty/CVE-2021-28164/docker-compose.yml,docker-compose,,,,,
jetty/CVE-2021-28169,/Users/jcacosta/Documents/GitHub/scenarioforge/outputs/installed_vuln_catalogs/05-27-26-14-40-12-f61521/content/vulhub/jetty/CVE-2021-28169/docker-compose.yml,docker-compose,,,,,
jetty/CVE-2021-34429,/Users/jcacosta/Documents/GitHub/scenarioforge/outputs/installed_vuln_catalogs/05-27-26-14-40-12-f61521/content/vulhub/jetty/CVE-2021-34429/docker-compose.yml,docker-compose,,,,,
jimureport/CVE-2023-4450,/Users/jcacosta/Documents/GitHub/scenarioforge/outputs/installed_vuln_catalogs/05-27-26-14-40-12-f61521/content/vulhub/jimureport/CVE-2023-4450/docker-compose.yml,docker-compose,,,,,
jira/CVE-2019-11581,/Users/jcacosta/Documents/GitHub/scenarioforge/outputs/installed_vuln_catalogs/05-27-26-14-40-12-f61521/content/vulhub/jira/CVE-2019-11581/docker-compose.yml,docker-compose,,,,,
joomla/CVE-2015-8562,/Users/jcacosta/Documents/GitHub/scenarioforge/outputs/installed_vuln_catalogs/05-27-26-14-40-12-f61521/content/vulhub/joomla/CVE-2015-8562/docker-compose.yml,docker-compose,,,,,
joomla/CVE-2017-8917,/Users/jcacosta/Documents/GitHub/scenarioforge/outputs/installed_vuln_catalogs/05-27-26-14-40-12-f61521/content/vulhub/joomla/CVE-2017-8917/docker-compose.yml,docker-compose,,,,,
joomla/CVE-2023-23752,/Users/jcacosta/Documents/GitHub/scenarioforge/outputs/installed_vuln_catalogs/05-27-26-14-40-12-f61521/content/vulhub/joomla/CVE-2023-23752/docker-compose.yml,docker-compose,,,,,
jumpserver/CVE-2023-42820,/Users/jcacosta/Documents/GitHub/scenarioforge/outputs/installed_vuln_catalogs/05-27-26-14-40-12-f61521/content/vulhub/jumpserver/CVE-2023-42820/docker-compose.yml,docker-compose,,,,,
jupyter/notebook-rce,/Users/jcacosta/Documents/GitHub/scenarioforge/outputs/installed_vuln_catalogs/05-27-26-14-40-12-f61521/content/vulhub/jupyter/notebook-rce/docker-compose.yml,docker-compose,,,,,
kafka/CVE-2023-25194,/Users/jcacosta/Documents/GitHub/scenarioforge/outputs/installed_vuln_catalogs/05-27-26-14-40-12-f61521/content/vulhub/kafka/CVE-2023-25194/docker-compose.yml,docker-compose,,,,,
kibana/CVE-2018-17246,/Users/jcacosta/Documents/GitHub/scenarioforge/outputs/installed_vuln_catalogs/05-27-26-14-40-12-f61521/content/vulhub/kibana/CVE-2018-17246/docker-compose.yml,docker-compose,,,,,
kibana/CVE-2019-7609,/Users/jcacosta/Documents/GitHub/scenarioforge/outputs/installed_vuln_catalogs/05-27-26-14-40-12-f61521/content/vulhub/kibana/CVE-2019-7609/docker-compose.yml,docker-compose,,,,,
kibana/CVE-2020-7012,/Users/jcacosta/Documents/GitHub/scenarioforge/outputs/installed_vuln_catalogs/05-27-26-14-40-12-f61521/content/vulhub/kibana/CVE-2020-7012/docker-compose.yml,docker-compose,,,,,
kkfileview/4.3-zipslip-rce,/Users/jcacosta/Documents/GitHub/scenarioforge/outputs/installed_vuln_catalogs/05-27-26-14-40-12-f61521/content/vulhub/kkfileview/4.3-zipslip-rce/docker-compose.yml,docker-compose,,,,,
langflow/CVE-2025-3248,/Users/jcacosta/Documents/GitHub/scenarioforge/outputs/installed_vuln_catalogs/05-27-26-14-40-12-f61521/content/vulhub/langflow/CVE-2025-3248/docker-compose.yml,docker-compose,,,,,
laravel/CVE-2021-3129,/Users/jcacosta/Documents/GitHub/scenarioforge/outputs/installed_vuln_catalogs/05-27-26-14-40-12-f61521/content/vulhub/laravel/CVE-2021-3129/docker-compose.yml,docker-compose,,,,,
librsvg/CVE-2023-38633,/Users/jcacosta/Documents/GitHub/scenarioforge/outputs/installed_vuln_catalogs/05-27-26-14-40-12-f61521/content/vulhub/librsvg/CVE-2023-38633/docker-compose.yml,docker-compose,,,,,
libssh/CVE-2018-10933,/Users/jcacosta/Documents/GitHub/scenarioforge/outputs/installed_vuln_catalogs/05-27-26-14-40-12-f61521/content/vulhub/libssh/CVE-2018-10933/docker-compose.yml,docker-compose,,,,,
liferay-portal/CVE-2020-7961,/Users/jcacosta/Documents/GitHub/scenarioforge/outputs/installed_vuln_catalogs/05-27-26-14-40-12-f61521/content/vulhub/liferay-portal/CVE-2020-7961/docker-compose.yml,docker-compose,,,,,
livewire/CVE-2025-54068,/Users/jcacosta/Documents/GitHub/scenarioforge/outputs/installed_vuln_catalogs/05-27-26-14-40-12-f61521/content/vulhub/livewire/CVE-2025-54068/docker-compose.yml,docker-compose,,,,,
log4j/CVE-2017-5645,/Users/jcacosta/Documents/GitHub/scenarioforge/outputs/installed_vuln_catalogs/05-27-26-14-40-12-f61521/content/vulhub/log4j/CVE-2017-5645/docker-compose.yml,docker-compose,,,,,
log4j/CVE-2021-44228,/Users/jcacosta/Documents/GitHub/scenarioforge/outputs/installed_vuln_catalogs/05-27-26-14-40-12-f61521/content/vulhub/log4j/CVE-2021-44228/docker-compose.yml,docker-compose,,,,,
magento/2.2-sqli,/Users/jcacosta/Documents/GitHub/scenarioforge/outputs/installed_vuln_catalogs/05-27-26-14-40-12-f61521/content/vulhub/magento/2.2-sqli/docker-compose.yml,docker-compose,,,,,
metabase/CVE-2021-41277,/Users/jcacosta/Documents/GitHub/scenarioforge/outputs/installed_vuln_catalogs/05-27-26-14-40-12-f61521/content/vulhub/metabase/CVE-2021-41277/docker-compose.yml,docker-compose,,,,,
metabase/CVE-2023-38646,/Users/jcacosta/Documents/GitHub/scenarioforge/outputs/installed_vuln_catalogs/05-27-26-14-40-12-f61521/content/vulhub/metabase/CVE-2023-38646/docker-compose.yml,docker-compose,,,,,
metersphere/CVE-2021-45788,/Users/jcacosta/Documents/GitHub/scenarioforge/outputs/installed_vuln_catalogs/05-27-26-14-40-12-f61521/content/vulhub/metersphere/CVE-2021-45788/docker-compose.yml,docker-compose,,,,,
metersphere/plugin-rce,/Users/jcacosta/Documents/GitHub/scenarioforge/outputs/installed_vuln_catalogs/05-27-26-14-40-12-f61521/content/vulhub/metersphere/plugin-rce/docker-compose.yml,docker-compose,,,,,
mini_httpd/CVE-2018-18778,/Users/jcacosta/Documents/GitHub/scenarioforge/outputs/installed_vuln_catalogs/05-27-26-14-40-12-f61521/content/vulhub/mini_httpd/CVE-2018-18778/docker-compose.yml,docker-compose,,,,,
minio/CVE-2023-28432,/Users/jcacosta/Documents/GitHub/scenarioforge/outputs/installed_vuln_catalogs/05-27-26-14-40-12-f61521/content/vulhub/minio/CVE-2023-28432/docker-compose.yml,docker-compose,,,,,
mojarra/jsf-viewstate-deserialization,/Users/jcacosta/Documents/GitHub/scenarioforge/outputs/installed_vuln_catalogs/05-27-26-14-40-12-f61521/content/vulhub/mojarra/jsf-viewstate-deserialization/docker-compose.yml,docker-compose,,,,,
mongo-express/CVE-2019-10758,/Users/jcacosta/Documents/GitHub/scenarioforge/outputs/installed_vuln_catalogs/05-27-26-14-40-12-f61521/content/vulhub/mongo-express/CVE-2019-10758/docker-compose.yml,docker-compose,,,,,
mysql/CVE-2012-2122,/Users/jcacosta/Documents/GitHub/scenarioforge/outputs/installed_vuln_catalogs/05-27-26-14-40-12-f61521/content/vulhub/mysql/CVE-2012-2122/docker-compose.yml,docker-compose,,,,,
nacos/CVE-2021-29442,/Users/jcacosta/Documents/GitHub/scenarioforge/outputs/installed_vuln_catalogs/05-27-26-14-40-12-f61521/content/vulhub/nacos/CVE-2021-29442/docker-compose.yml,docker-compose,,,,,
neo4j/CVE-2021-34371,/Users/jcacosta/Documents/GitHub/scenarioforge/outputs/installed_vuln_catalogs/05-27-26-14-40-12-f61521/content/vulhub/neo4j/CVE-2021-34371/docker-compose.yml,docker-compose,,,,,
next.js/CVE-2025-29927,/Users/jcacosta/Documents/GitHub/scenarioforge/outputs/installed_vuln_catalogs/05-27-26-14-40-12-f61521/content/vulhub/next.js/CVE-2025-29927/docker-compose.yml,docker-compose,,,,,
nexus/CVE-2019-7238,/Users/jcacosta/Documents/GitHub/scenarioforge/outputs/installed_vuln_catalogs/05-27-26-14-40-12-f61521/content/vulhub/nexus/CVE-2019-7238/docker-compose.yml,docker-compose,,,,,
nexus/CVE-2024-4956,/Users/jcacosta/Documents/GitHub/scenarioforge/outputs/installed_vuln_catalogs/05-27-26-14-40-12-f61521/content/vulhub/nexus/CVE-2024-4956/docker-compose.yml,docker-compose,,,,,
nginx/CVE-2013-4547,/Users/jcacosta/Documents/GitHub/scenarioforge/outputs/installed_vuln_catalogs/05-27-26-14-40-12-f61521/content/vulhub/nginx/CVE-2013-4547/docker-compose.yml,docker-compose,,,,,
nginx/CVE-2017-7529,/Users/jcacosta/Documents/GitHub/scenarioforge/outputs/installed_vuln_catalogs/05-27-26-14-40-12-f61521/content/vulhub/nginx/CVE-2017-7529/docker-compose.yml,docker-compose,,,,,
nginx/insecure-configuration,/Users/jcacosta/Documents/GitHub/scenarioforge/outputs/installed_vuln_catalogs/05-27-26-14-40-12-f61521/content/vulhub/nginx/insecure-configuration/docker-compose.yml,docker-compose,,,,,
nginx/nginx_parsing_vulnerability,/Users/jcacosta/Documents/GitHub/scenarioforge/outputs/installed_vuln_catalogs/05-27-26-14-40-12-f61521/content/vulhub/nginx/nginx_parsing_vulnerability/docker-compose.yml,docker-compose,,,,,
ntopng/CVE-2021-28073,/Users/jcacosta/Documents/GitHub/scenarioforge/outputs/installed_vuln_catalogs/05-27-26-14-40-12-f61521/content/vulhub/ntopng/CVE-2021-28073/docker-compose.yml,docker-compose,,,,,
ofbiz/CVE-2020-9496,/Users/jcacosta/Documents/GitHub/scenarioforge/outputs/installed_vuln_catalogs/05-27-26-14-40-12-f61521/content/vulhub/ofbiz/CVE-2020-9496/docker-compose.yml,docker-compose,,,,,
ofbiz/CVE-2023-49070,/Users/jcacosta/Documents/GitHub/scenarioforge/outputs/installed_vuln_catalogs/05-27-26-14-40-12-f61521/content/vulhub/ofbiz/CVE-2023-49070/docker-compose.yml,docker-compose,,,,,
ofbiz/CVE-2023-51467,/Users/jcacosta/Documents/GitHub/scenarioforge/outputs/installed_vuln_catalogs/05-27-26-14-40-12-f61521/content/vulhub/ofbiz/CVE-2023-51467/docker-compose.yml,docker-compose,,,,,
ofbiz/CVE-2024-38856,/Users/jcacosta/Documents/GitHub/scenarioforge/outputs/installed_vuln_catalogs/05-27-26-14-40-12-f61521/content/vulhub/ofbiz/CVE-2024-38856/docker-compose.yml,docker-compose,,,,,
ofbiz/CVE-2024-45195,/Users/jcacosta/Documents/GitHub/scenarioforge/outputs/installed_vuln_catalogs/05-27-26-14-40-12-f61521/content/vulhub/ofbiz/CVE-2024-45195/docker-compose.yml,docker-compose,,,,,
ofbiz/CVE-2024-45507,/Users/jcacosta/Documents/GitHub/scenarioforge/outputs/installed_vuln_catalogs/05-27-26-14-40-12-f61521/content/vulhub/ofbiz/CVE-2024-45507/docker-compose.yml,docker-compose,,,,,
openfire/CVE-2023-32315,/Users/jcacosta/Documents/GitHub/scenarioforge/outputs/installed_vuln_catalogs/05-27-26-14-40-12-f61521/content/vulhub/openfire/CVE-2023-32315/docker-compose.yml,docker-compose,,,,,
opensmtpd/CVE-2020-7247,/Users/jcacosta/Documents/GitHub/scenarioforge/outputs/installed_vuln_catalogs/05-27-26-14-40-12-f61521/content/vulhub/opensmtpd/CVE-2020-7247/docker-compose.yml,docker-compose,,,,,
openssh/CVE-2018-15473,/Users/jcacosta/Documents/GitHub/scenarioforge/outputs/installed_vuln_catalogs/05-27-26-14-40-12-f61521/content/vulhub/openssh/CVE-2018-15473/docker-compose.yml,docker-compose,,,,,
openssl/CVE-2014-0160,/Users/jcacosta/Documents/GitHub/scenarioforge/outputs/installed_vuln_catalogs/05-27-26-14-40-12-f61521/content/vulhub/openssl/CVE-2014-0160/docker-compose.yml,docker-compose,,,,,
openssl/CVE-2022-0778,/Users/jcacosta/Documents/GitHub/scenarioforge/outputs/installed_vuln_catalogs/05-27-26-14-40-12-f61521/content/vulhub/openssl/CVE-2022-0778/docker-compose.yml,docker-compose,,,,,
opentsdb/CVE-2020-35476,/Users/jcacosta/Documents/GitHub/scenarioforge/outputs/installed_vuln_catalogs/05-27-26-14-40-12-f61521/content/vulhub/opentsdb/CVE-2020-35476/docker-compose.yml,docker-compose,,,,,
opentsdb/CVE-2023-25826,/Users/jcacosta/Documents/GitHub/scenarioforge/outputs/installed_vuln_catalogs/05-27-26-14-40-12-f61521/content/vulhub/opentsdb/CVE-2023-25826/docker-compose.yml,docker-compose,,,,,
pdfjs/CVE-2024-4367,/Users/jcacosta/Documents/GitHub/scenarioforge/outputs/installed_vuln_catalogs/05-27-26-14-40-12-f61521/content/vulhub/pdfjs/CVE-2024-4367/docker-compose.yml,docker-compose,,,,,
pgadmin/CVE-2022-4223,/Users/jcacosta/Documents/GitHub/scenarioforge/outputs/installed_vuln_catalogs/05-27-26-14-40-12-f61521/content/vulhub/pgadmin/CVE-2022-4223/docker-compose.yml,docker-compose,,,,,
pgadmin/CVE-2023-5002,/Users/jcacosta/Documents/GitHub/scenarioforge/outputs/installed_vuln_catalogs/05-27-26-14-40-12-f61521/content/vulhub/pgadmin/CVE-2023-5002/docker-compose.yml,docker-compose,,,,,
pgadmin/CVE-2025-13780,/Users/jcacosta/Documents/GitHub/scenarioforge/outputs/installed_vuln_catalogs/05-27-26-14-40-12-f61521/content/vulhub/pgadmin/CVE-2025-13780/docker-compose.yml,docker-compose,,,,,
pgadmin/CVE-2025-2945,/Users/jcacosta/Documents/GitHub/scenarioforge/outputs/installed_vuln_catalogs/05-27-26-14-40-12-f61521/content/vulhub/pgadmin/CVE-2025-2945/docker-compose.yml,docker-compose,,,,,
php/8.1-backdoor,/Users/jcacosta/Documents/GitHub/scenarioforge/outputs/installed_vuln_catalogs/05-27-26-14-40-12-f61521/content/vulhub/php/8.1-backdoor/docker-compose.yml,docker-compose,,,,,
php/CVE-2012-1823,/Users/jcacosta/Documents/GitHub/scenarioforge/outputs/installed_vuln_catalogs/05-27-26-14-40-12-f61521/content/vulhub/php/CVE-2012-1823/docker-compose.yml,docker-compose,,,,,
php/CVE-2018-19518,/Users/jcacosta/Documents/GitHub/scenarioforge/outputs/installed_vuln_catalogs/05-27-26-14-40-12-f61521/content/vulhub/php/CVE-2018-19518/docker-compose.yml,docker-compose,,,,,
php/CVE-2019-11043,/Users/jcacosta/Documents/GitHub/scenarioforge/outputs/installed_vuln_catalogs/05-27-26-14-40-12-f61521/content/vulhub/php/CVE-2019-11043/docker-compose.yml,docker-compose,,,,,
php/CVE-2024-2961,/Users/jcacosta/Documents/GitHub/scenarioforge/outputs/installed_vuln_catalogs/05-27-26-14-40-12-f61521/content/vulhub/php/CVE-2024-2961/docker-compose.yml,docker-compose,,,,,
php/fpm,/Users/jcacosta/Documents/GitHub/scenarioforge/outputs/installed_vuln_catalogs/05-27-26-14-40-12-f61521/content/vulhub/php/fpm/docker-compose.yml,docker-compose,,,,,
php/inclusion,/Users/jcacosta/Documents/GitHub/scenarioforge/outputs/installed_vuln_catalogs/05-27-26-14-40-12-f61521/content/vulhub/php/inclusion/docker-compose.yml,docker-compose,,,,,
php/php_xxe,/Users/jcacosta/Documents/GitHub/scenarioforge/outputs/installed_vuln_catalogs/05-27-26-14-40-12-f61521/content/vulhub/php/php_xxe/docker-compose.yml,docker-compose,,,,,
php/xdebug-rce,/Users/jcacosta/Documents/GitHub/scenarioforge/outputs/installed_vuln_catalogs/05-27-26-14-40-12-f61521/content/vulhub/php/xdebug-rce/docker-compose.yml,docker-compose,,,,,
phpmyadmin/CVE-2016-5734,/Users/jcacosta/Documents/GitHub/scenarioforge/outputs/installed_vuln_catalogs/05-27-26-14-40-12-f61521/content/vulhub/phpmyadmin/CVE-2016-5734/docker-compose.yml,docker-compose,,,,,
phpmyadmin/CVE-2018-12613,/Users/jcacosta/Documents/GitHub/scenarioforge/outputs/installed_vuln_catalogs/05-27-26-14-40-12-f61521/content/vulhub/phpmyadmin/CVE-2018-12613/docker-compose.yml,docker-compose,,,,,
phpmyadmin/WooYun-2016-199433,/Users/jcacosta/Documents/GitHub/scenarioforge/outputs/installed_vuln_catalogs/05-27-26-14-40-12-f61521/content/vulhub/phpmyadmin/WooYun-2016-199433/docker-compose.yml,docker-compose,,,,,
phpunit/CVE-2017-9841,/Users/jcacosta/Documents/GitHub/scenarioforge/outputs/installed_vuln_catalogs/05-27-26-14-40-12-f61521/content/vulhub/phpunit/CVE-2017-9841/docker-compose.yml,docker-compose,,,,,
polkit/CVE-2021-4034,/Users/jcacosta/Documents/GitHub/scenarioforge/outputs/installed_vuln_catalogs/05-27-26-14-40-12-f61521/content/vulhub/polkit/CVE-2021-4034/docker-compose.yml,docker-compose,,,,,
postgres/CVE-2018-1058,/Users/jcacosta/Documents/GitHub/scenarioforge/outputs/installed_vuln_catalogs/05-27-26-14-40-12-f61521/content/vulhub/postgres/CVE-2018-1058/docker-compose.yml,docker-compose,,,,,
postgres/CVE-2019-9193,/Users/jcacosta/Documents/GitHub/scenarioforge/outputs/installed_vuln_catalogs/05-27-26-14-40-12-f61521/content/vulhub/postgres/CVE-2019-9193/docker-compose.yml,docker-compose,,,,,
python/CVE-2024-23334,/Users/jcacosta/Documents/GitHub/scenarioforge/outputs/installed_vuln_catalogs/05-27-26-14-40-12-f61521/content/vulhub/python/CVE-2024-23334/docker-compose.yml,docker-compose,,,,,
python/PIL-CVE-2017-8291,/Users/jcacosta/Documents/GitHub/scenarioforge/outputs/installed_vuln_catalogs/05-27-26-14-40-12-f61521/content/vulhub/python/PIL-CVE-2017-8291/docker-compose.yml,docker-compose,,,,,
python/PIL-CVE-2018-16509,/Users/jcacosta/Documents/GitHub/scenarioforge/outputs/installed_vuln_catalogs/05-27-26-14-40-12-f61521/content/vulhub/python/PIL-CVE-2018-16509/docker-compose.yml,docker-compose,,,,,
rails/CVE-2018-3760,/Users/jcacosta/Documents/GitHub/scenarioforge/outputs/installed_vuln_catalogs/05-27-26-14-40-12-f61521/content/vulhub/rails/CVE-2018-3760/docker-compose.yml,docker-compose,,,,,
rails/CVE-2019-5418,/Users/jcacosta/Documents/GitHub/scenarioforge/outputs/installed_vuln_catalogs/05-27-26-14-40-12-f61521/content/vulhub/rails/CVE-2019-5418/docker-compose.yml,docker-compose,,,,,
react/CVE-2025-55182,/Users/jcacosta/Documents/GitHub/scenarioforge/outputs/installed_vuln_catalogs/05-27-26-14-40-12-f61521/content/vulhub/react/CVE-2025-55182/docker-compose.yml,docker-compose,,,,,
redis/4-unacc,/Users/jcacosta/Documents/GitHub/scenarioforge/outputs/installed_vuln_catalogs/05-27-26-14-40-12-f61521/content/vulhub/redis/4-unacc/docker-compose.yml,docker-compose,,,,,
redis/CVE-2022-0543,/Users/jcacosta/Documents/GitHub/scenarioforge/outputs/installed_vuln_catalogs/05-27-26-14-40-12-f61521/content/vulhub/redis/CVE-2022-0543/docker-compose.yml,docker-compose,,,,,
rocketchat/CVE-2021-22911,/Users/jcacosta/Documents/GitHub/scenarioforge/outputs/installed_vuln_catalogs/05-27-26-14-40-12-f61521/content/vulhub/rocketchat/CVE-2021-22911/docker-compose.yml,docker-compose,,,,,
rocketmq/CVE-2023-33246,/Users/jcacosta/Documents/GitHub/scenarioforge/outputs/installed_vuln_catalogs/05-27-26-14-40-12-f61521/content/vulhub/rocketmq/CVE-2023-33246/docker-compose.yml,docker-compose,,,,,
rocketmq/CVE-2023-37582,/Users/jcacosta/Documents/GitHub/scenarioforge/outputs/installed_vuln_catalogs/05-27-26-14-40-12-f61521/content/vulhub/rocketmq/CVE-2023-37582/docker-compose.yml,docker-compose,,,,,
ruby/CVE-2017-17405,/Users/jcacosta/Documents/GitHub/scenarioforge/outputs/installed_vuln_catalogs/05-27-26-14-40-12-f61521/content/vulhub/ruby/CVE-2017-17405/docker-compose.yml,docker-compose,,,,,
saltstack/CVE-2020-11651,/Users/jcacosta/Documents/GitHub/scenarioforge/outputs/installed_vuln_catalogs/05-27-26-14-40-12-f61521/content/vulhub/saltstack/CVE-2020-11651/docker-compose.yml,docker-compose,,,,,
saltstack/CVE-2020-11652,/Users/jcacosta/Documents/GitHub/scenarioforge/outputs/installed_vuln_catalogs/05-27-26-14-40-12-f61521/content/vulhub/saltstack/CVE-2020-11652/docker-compose.yml,docker-compose,,,,,
saltstack/CVE-2020-16846,/Users/jcacosta/Documents/GitHub/scenarioforge/outputs/installed_vuln_catalogs/05-27-26-14-40-12-f61521/content/vulhub/saltstack/CVE-2020-16846/docker-compose.yml,docker-compose,,,,,
samba/CVE-2017-7494,/Users/jcacosta/Documents/GitHub/scenarioforge/outputs/installed_vuln_catalogs/05-27-26-14-40-12-f61521/content/vulhub/samba/CVE-2017-7494/docker-compose.yml,docker-compose,,,,,
scrapy/scrapyd-unacc,/Users/jcacosta/Documents/GitHub/scenarioforge/outputs/installed_vuln_catalogs/05-27-26-14-40-12-f61521/content/vulhub/scrapy/scrapyd-unacc/docker-compose.yml,docker-compose,,,,,
shiro/CVE-2010-3863,/Users/jcacosta/Documents/GitHub/scenarioforge/outputs/installed_vuln_catalogs/05-27-26-14-40-12-f61521/content/vulhub/shiro/CVE-2010-3863/docker-compose.yml,docker-compose,,,,,
shiro/CVE-2016-4437,/Users/jcacosta/Documents/GitHub/scenarioforge/outputs/installed_vuln_catalogs/05-27-26-14-40-12-f61521/content/vulhub/shiro/CVE-2016-4437/docker-compose.yml,docker-compose,,,,,
shiro/CVE-2020-1957,/Users/jcacosta/Documents/GitHub/scenarioforge/outputs/installed_vuln_catalogs/05-27-26-14-40-12-f61521/content/vulhub/shiro/CVE-2020-1957/docker-compose.yml,docker-compose,,,,,
showdoc/3.2.5-sqli,/Users/jcacosta/Documents/GitHub/scenarioforge/outputs/installed_vuln_catalogs/05-27-26-14-40-12-f61521/content/vulhub/showdoc/3.2.5-sqli/docker-compose.yml,docker-compose,,,,,
showdoc/CNVD-2020-26585,/Users/jcacosta/Documents/GitHub/scenarioforge/outputs/installed_vuln_catalogs/05-27-26-14-40-12-f61521/content/vulhub/showdoc/CNVD-2020-26585/docker-compose.yml,docker-compose,,,,,
skywalking/8.3.0-sqli,/Users/jcacosta/Documents/GitHub/scenarioforge/outputs/installed_vuln_catalogs/05-27-26-14-40-12-f61521/content/vulhub/skywalking/8.3.0-sqli/docker-compose.yml,docker-compose,,,,,
solr/CVE-2017-12629-RCE,/Users/jcacosta/Documents/GitHub/scenarioforge/outputs/installed_vuln_catalogs/05-27-26-14-40-12-f61521/content/vulhub/solr/CVE-2017-12629-RCE/docker-compose.yml,docker-compose,,,,,
solr/CVE-2017-12629-XXE,/Users/jcacosta/Documents/GitHub/scenarioforge/outputs/installed_vuln_catalogs/05-27-26-14-40-12-f61521/content/vulhub/solr/CVE-2017-12629-XXE/docker-compose.yml,docker-compose,,,,,
solr/CVE-2019-0193,/Users/jcacosta/Documents/GitHub/scenarioforge/outputs/installed_vuln_catalogs/05-27-26-14-40-12-f61521/content/vulhub/solr/CVE-2019-0193/docker-compose.yml,docker-compose,,,,,
solr/CVE-2019-17558,/Users/jcacosta/Documents/GitHub/scenarioforge/outputs/installed_vuln_catalogs/05-27-26-14-40-12-f61521/content/vulhub/solr/CVE-2019-17558/docker-compose.yml,docker-compose,,,,,
solr/Remote-Streaming-Fileread,/Users/jcacosta/Documents/GitHub/scenarioforge/outputs/installed_vuln_catalogs/05-27-26-14-40-12-f61521/content/vulhub/solr/Remote-Streaming-Fileread/docker-compose.yml,docker-compose,,,,,
spark/unacc,/Users/jcacosta/Documents/GitHub/scenarioforge/outputs/installed_vuln_catalogs/05-27-26-14-40-12-f61521/content/vulhub/spark/unacc/docker-compose.yml,docker-compose,,,,,
spring/CVE-2016-4977,/Users/jcacosta/Documents/GitHub/scenarioforge/outputs/installed_vuln_catalogs/05-27-26-14-40-12-f61521/content/vulhub/spring/CVE-2016-4977/docker-compose.yml,docker-compose,,,,,
spring/CVE-2017-4971,/Users/jcacosta/Documents/GitHub/scenarioforge/outputs/installed_vuln_catalogs/05-27-26-14-40-12-f61521/content/vulhub/spring/CVE-2017-4971/docker-compose.yml,docker-compose,,,,,
spring/CVE-2017-8046,/Users/jcacosta/Documents/GitHub/scenarioforge/outputs/installed_vuln_catalogs/05-27-26-14-40-12-f61521/content/vulhub/spring/CVE-2017-8046/docker-compose.yml,docker-compose,,,,,
spring/CVE-2018-1270,/Users/jcacosta/Documents/GitHub/scenarioforge/outputs/installed_vuln_catalogs/05-27-26-14-40-12-f61521/content/vulhub/spring/CVE-2018-1270/docker-compose.yml,docker-compose,,,,,
spring/CVE-2018-1273,/Users/jcacosta/Documents/GitHub/scenarioforge/outputs/installed_vuln_catalogs/05-27-26-14-40-12-f61521/content/vulhub/spring/CVE-2018-1273/docker-compose.yml,docker-compose,,,,,
spring/CVE-2022-22947,/Users/jcacosta/Documents/GitHub/scenarioforge/outputs/installed_vuln_catalogs/05-27-26-14-40-12-f61521/content/vulhub/spring/CVE-2022-22947/docker-compose.yml,docker-compose,,,,,
spring/CVE-2022-22963,/Users/jcacosta/Documents/GitHub/scenarioforge/outputs/installed_vuln_catalogs/05-27-26-14-40-12-f61521/content/vulhub/spring/CVE-2022-22963/docker-compose.yml,docker-compose,,,,,
spring/CVE-2022-22965,/Users/jcacosta/Documents/GitHub/scenarioforge/outputs/installed_vuln_catalogs/05-27-26-14-40-12-f61521/content/vulhub/spring/CVE-2022-22965/docker-compose.yml,docker-compose,,,,,
spring/CVE-2022-22978,/Users/jcacosta/Documents/GitHub/scenarioforge/outputs/installed_vuln_catalogs/05-27-26-14-40-12-f61521/content/vulhub/spring/CVE-2022-22978/docker-compose.yml,docker-compose,,,,,
struts2/s2-001,/Users/jcacosta/Documents/GitHub/scenarioforge/outputs/installed_vuln_catalogs/05-27-26-14-40-12-f61521/content/vulhub/struts2/s2-001/docker-compose.yml,docker-compose,,,,,
struts2/s2-005,/Users/jcacosta/Documents/GitHub/scenarioforge/outputs/installed_vuln_catalogs/05-27-26-14-40-12-f61521/content/vulhub/struts2/s2-005/docker-compose.yml,docker-compose,,,,,
struts2/s2-007,/Users/jcacosta/Documents/GitHub/scenarioforge/outputs/installed_vuln_catalogs/05-27-26-14-40-12-f61521/content/vulhub/struts2/s2-007/docker-compose.yml,docker-compose,,,,,
struts2/s2-008,/Users/jcacosta/Documents/GitHub/scenarioforge/outputs/installed_vuln_catalogs/05-27-26-14-40-12-f61521/content/vulhub/struts2/s2-008/docker-compose.yml,docker-compose,,,,,
struts2/s2-009,/Users/jcacosta/Documents/GitHub/scenarioforge/outputs/installed_vuln_catalogs/05-27-26-14-40-12-f61521/content/vulhub/struts2/s2-009/docker-compose.yml,docker-compose,,,,,
struts2/s2-012,/Users/jcacosta/Documents/GitHub/scenarioforge/outputs/installed_vuln_catalogs/05-27-26-14-40-12-f61521/content/vulhub/struts2/s2-012/docker-compose.yml,docker-compose,,,,,
struts2/s2-013,/Users/jcacosta/Documents/GitHub/scenarioforge/outputs/installed_vuln_catalogs/05-27-26-14-40-12-f61521/content/vulhub/struts2/s2-013/docker-compose.yml,docker-compose,,,,,
struts2/s2-015,/Users/jcacosta/Documents/GitHub/scenarioforge/outputs/installed_vuln_catalogs/05-27-26-14-40-12-f61521/content/vulhub/struts2/s2-015/docker-compose.yml,docker-compose,,,,,
struts2/s2-032,/Users/jcacosta/Documents/GitHub/scenarioforge/outputs/installed_vuln_catalogs/05-27-26-14-40-12-f61521/content/vulhub/struts2/s2-032/docker-compose.yml,docker-compose,,,,,
struts2/s2-045,/Users/jcacosta/Documents/GitHub/scenarioforge/outputs/installed_vuln_catalogs/05-27-26-14-40-12-f61521/content/vulhub/struts2/s2-045/docker-compose.yml,docker-compose,,,,,
struts2/s2-046,/Users/jcacosta/Documents/GitHub/scenarioforge/outputs/installed_vuln_catalogs/05-27-26-14-40-12-f61521/content/vulhub/struts2/s2-046/docker-compose.yml,docker-compose,,,,,
struts2/s2-048,/Users/jcacosta/Documents/GitHub/scenarioforge/outputs/installed_vuln_catalogs/05-27-26-14-40-12-f61521/content/vulhub/struts2/s2-048/docker-compose.yml,docker-compose,,,,,
struts2/s2-052,/Users/jcacosta/Documents/GitHub/scenarioforge/outputs/installed_vuln_catalogs/05-27-26-14-40-12-f61521/content/vulhub/struts2/s2-052/docker-compose.yml,docker-compose,,,,,
struts2/s2-053,/Users/jcacosta/Documents/GitHub/scenarioforge/outputs/installed_vuln_catalogs/05-27-26-14-40-12-f61521/content/vulhub/struts2/s2-053/docker-compose.yml,docker-compose,,,,,
struts2/s2-057,/Users/jcacosta/Documents/GitHub/scenarioforge/outputs/installed_vuln_catalogs/05-27-26-14-40-12-f61521/content/vulhub/struts2/s2-057/docker-compose.yml,docker-compose,,,,,
struts2/s2-059,/Users/jcacosta/Documents/GitHub/scenarioforge/outputs/installed_vuln_catalogs/05-27-26-14-40-12-f61521/content/vulhub/struts2/s2-059/docker-compose.yml,docker-compose,,,,,
struts2/s2-061,/Users/jcacosta/Documents/GitHub/scenarioforge/outputs/installed_vuln_catalogs/05-27-26-14-40-12-f61521/content/vulhub/struts2/s2-061/docker-compose.yml,docker-compose,,,,,
struts2/s2-066,/Users/jcacosta/Documents/GitHub/scenarioforge/outputs/installed_vuln_catalogs/05-27-26-14-40-12-f61521/content/vulhub/struts2/s2-066/docker-compose.yml,docker-compose,,,,,
struts2/s2-067,/Users/jcacosta/Documents/GitHub/scenarioforge/outputs/installed_vuln_catalogs/05-27-26-14-40-12-f61521/content/vulhub/struts2/s2-067/docker-compose.yml,docker-compose,,,,,
superset/CVE-2023-27524,/Users/jcacosta/Documents/GitHub/scenarioforge/outputs/installed_vuln_catalogs/05-27-26-14-40-12-f61521/content/vulhub/superset/CVE-2023-27524/docker-compose.yml,docker-compose,,,,,
superset/CVE-2023-37941,/Users/jcacosta/Documents/GitHub/scenarioforge/outputs/installed_vuln_catalogs/05-27-26-14-40-12-f61521/content/vulhub/superset/CVE-2023-37941/docker-compose.yml,docker-compose,,,,,
teamcity/CVE-2023-42793,/Users/jcacosta/Documents/GitHub/scenarioforge/outputs/installed_vuln_catalogs/05-27-26-14-40-12-f61521/content/vulhub/teamcity/CVE-2023-42793/docker-compose.yml,docker-compose,,,,,
thinkphp/2-rce,/Users/jcacosta/Documents/GitHub/scenarioforge/outputs/installed_vuln_catalogs/05-27-26-14-40-12-f61521/content/vulhub/thinkphp/2-rce/docker-compose.yml,docker-compose,,,,,
thinkphp/5-rce,/Users/jcacosta/Documents/GitHub/scenarioforge/outputs/installed_vuln_catalogs/05-27-26-14-40-12-f61521/content/vulhub/thinkphp/5-rce/docker-compose.yml,docker-compose,,,,,
thinkphp/5.0.23-rce,/Users/jcacosta/Documents/GitHub/scenarioforge/outputs/installed_vuln_catalogs/05-27-26-14-40-12-f61521/content/vulhub/thinkphp/5.0.23-rce/docker-compose.yml,docker-compose,,,,,
thinkphp/in-sqlinjection,/Users/jcacosta/Documents/GitHub/scenarioforge/outputs/installed_vuln_catalogs/05-27-26-14-40-12-f61521/content/vulhub/thinkphp/in-sqlinjection/docker-compose.yml,docker-compose,,,,,
thinkphp/lang-rce,/Users/jcacosta/Documents/GitHub/scenarioforge/outputs/installed_vuln_catalogs/05-27-26-14-40-12-f61521/content/vulhub/thinkphp/lang-rce/docker-compose.yml,docker-compose,,,,,
tikiwiki/CVE-2020-15906,/Users/jcacosta/Documents/GitHub/scenarioforge/outputs/installed_vuln_catalogs/05-27-26-14-40-12-f61521/content/vulhub/tikiwiki/CVE-2020-15906/docker-compose.yml,docker-compose,,,,,
tomcat/CVE-2017-12615,/Users/jcacosta/Documents/GitHub/scenarioforge/outputs/installed_vuln_catalogs/05-27-26-14-40-12-f61521/content/vulhub/tomcat/CVE-2017-12615/docker-compose.yml,docker-compose,,,,,
tomcat/CVE-2020-1938,/Users/jcacosta/Documents/GitHub/scenarioforge/outputs/installed_vuln_catalogs/05-27-26-14-40-12-f61521/content/vulhub/tomcat/CVE-2020-1938/docker-compose.yml,docker-compose,,,,,
tomcat/CVE-2025-24813,/Users/jcacosta/Documents/GitHub/scenarioforge/outputs/installed_vuln_catalogs/05-27-26-14-40-12-f61521/content/vulhub/tomcat/CVE-2025-24813/docker-compose.yml,docker-compose,,,,,
tomcat/tomcat8,/Users/jcacosta/Documents/GitHub/scenarioforge/outputs/installed_vuln_catalogs/05-27-26-14-40-12-f61521/content/vulhub/tomcat/tomcat8/docker-compose.yml,docker-compose,,,,,
unomi/CVE-2020-13942,/Users/jcacosta/Documents/GitHub/scenarioforge/outputs/installed_vuln_catalogs/05-27-26-14-40-12-f61521/content/vulhub/unomi/CVE-2020-13942/docker-compose.yml,docker-compose,,,,,
uwsgi/CVE-2018-7490,/Users/jcacosta/Documents/GitHub/scenarioforge/outputs/installed_vuln_catalogs/05-27-26-14-40-12-f61521/content/vulhub/uwsgi/CVE-2018-7490/docker-compose.yml,docker-compose,,,,,
uwsgi/unacc,/Users/jcacosta/Documents/GitHub/scenarioforge/outputs/installed_vuln_catalogs/05-27-26-14-40-12-f61521/content/vulhub/uwsgi/unacc/docker-compose.yml,docker-compose,,,,,
v2board/1.6-privilege-escalation,/Users/jcacosta/Documents/GitHub/scenarioforge/outputs/installed_vuln_catalogs/05-27-26-14-40-12-f61521/content/vulhub/v2board/1.6-privilege-escalation/docker-compose.yml,docker-compose,,,,,
vite/CNVD-2022-44615,/Users/jcacosta/Documents/GitHub/scenarioforge/outputs/installed_vuln_catalogs/05-27-26-14-40-12-f61521/content/vulhub/vite/CNVD-2022-44615/docker-compose.yml,docker-compose,,,,,
vite/CVE-2025-30208,/Users/jcacosta/Documents/GitHub/scenarioforge/outputs/installed_vuln_catalogs/05-27-26-14-40-12-f61521/content/vulhub/vite/CVE-2025-30208/docker-compose.yml,docker-compose,,,,,
weblogic/CVE-2017-10271,/Users/jcacosta/Documents/GitHub/scenarioforge/outputs/installed_vuln_catalogs/05-27-26-14-40-12-f61521/content/vulhub/weblogic/CVE-2017-10271/docker-compose.yml,docker-compose,,,,,
weblogic/CVE-2018-2628,/Users/jcacosta/Documents/GitHub/scenarioforge/outputs/installed_vuln_catalogs/05-27-26-14-40-12-f61521/content/vulhub/weblogic/CVE-2018-2628/docker-compose.yml,docker-compose,,,,,
weblogic/CVE-2018-2894,/Users/jcacosta/Documents/GitHub/scenarioforge/outputs/installed_vuln_catalogs/05-27-26-14-40-12-f61521/content/vulhub/weblogic/CVE-2018-2894/docker-compose.yml,docker-compose,,,,,
weblogic/CVE-2020-14882,/Users/jcacosta/Documents/GitHub/scenarioforge/outputs/installed_vuln_catalogs/05-27-26-14-40-12-f61521/content/vulhub/weblogic/CVE-2020-14882/docker-compose.yml,docker-compose,,,,,
weblogic/CVE-2023-21839,/Users/jcacosta/Documents/GitHub/scenarioforge/outputs/installed_vuln_catalogs/05-27-26-14-40-12-f61521/content/vulhub/weblogic/CVE-2023-21839/docker-compose.yml,docker-compose,,,,,
weblogic/ssrf,/Users/jcacosta/Documents/GitHub/scenarioforge/outputs/installed_vuln_catalogs/05-27-26-14-40-12-f61521/content/vulhub/weblogic/ssrf/docker-compose.yml,docker-compose,,,,,
weblogic/weak_password,/Users/jcacosta/Documents/GitHub/scenarioforge/outputs/installed_vuln_catalogs/05-27-26-14-40-12-f61521/content/vulhub/weblogic/weak_password/docker-compose.yml,docker-compose,,,,,
webmin/CVE-2019-15107,/Users/jcacosta/Documents/GitHub/scenarioforge/outputs/installed_vuln_catalogs/05-27-26-14-40-12-f61521/content/vulhub/webmin/CVE-2019-15107/docker-compose.yml,docker-compose,,,,,
wordpress/pwnscriptum,/Users/jcacosta/Documents/GitHub/scenarioforge/outputs/installed_vuln_catalogs/05-27-26-14-40-12-f61521/content/vulhub/wordpress/pwnscriptum/docker-compose.yml,docker-compose,,,,,
xstream/CVE-2021-21351,/Users/jcacosta/Documents/GitHub/scenarioforge/outputs/installed_vuln_catalogs/05-27-26-14-40-12-f61521/content/vulhub/xstream/CVE-2021-21351/docker-compose.yml,docker-compose,,,,,
xstream/CVE-2021-29505,/Users/jcacosta/Documents/GitHub/scenarioforge/outputs/installed_vuln_catalogs/05-27-26-14-40-12-f61521/content/vulhub/xstream/CVE-2021-29505/docker-compose.yml,docker-compose,,,,,
xxl-job/unacc,/Users/jcacosta/Documents/GitHub/scenarioforge/outputs/installed_vuln_catalogs/05-27-26-14-40-12-f61521/content/vulhub/xxl-job/unacc/docker-compose.yml,docker-compose,,,,,
yapi/mongodb-inj,/Users/jcacosta/Documents/GitHub/scenarioforge/outputs/installed_vuln_catalogs/05-27-26-14-40-12-f61521/content/vulhub/yapi/mongodb-inj/docker-compose.yml,docker-compose,,,,,
yapi/unacc,/Users/jcacosta/Documents/GitHub/scenarioforge/outputs/installed_vuln_catalogs/05-27-26-14-40-12-f61521/content/vulhub/yapi/unacc/docker-compose.yml,docker-compose,,,,,
zabbix/CVE-2016-10134,/Users/jcacosta/Documents/GitHub/scenarioforge/outputs/installed_vuln_catalogs/05-27-26-14-40-12-f61521/content/vulhub/zabbix/CVE-2016-10134/docker-compose.yml,docker-compose,,,,,
zabbix/CVE-2017-2824,/Users/jcacosta/Documents/GitHub/scenarioforge/outputs/installed_vuln_catalogs/05-27-26-14-40-12-f61521/content/vulhub/zabbix/CVE-2017-2824/docker-compose.yml,docker-compose,,,,,
zabbix/CVE-2020-11800,/Users/jcacosta/Documents/GitHub/scenarioforge/outputs/installed_vuln_catalogs/05-27-26-14-40-12-f61521/content/vulhub/zabbix/CVE-2020-11800/docker-compose.yml,docker-compose,,,,,
